{
  "risk_adjusted": 0.0,
  "risk_adjusted_ms": 25516.596746142703,
  "risk_adjusted_qr": 11704.951699878045,
  "total_cost_bs": 402.3496920219028,
  "dC_mean_bs": -49.601000000000006
}